{"r2_score": 0.803472197877338, "rmse": 30379.02051959297, "mae": 16979.99652559027}